,noteId,status,summary,label1,label2
0,1867926123872415845,CURRENTLY_RATED_HELPFUL,The image does not show a real plane crash. It is a piece of digital art.    https://factcheck.afp.com/doc.afp.com.36KX648,0,0
1,1866559486183477400,CURRENTLY_RATED_HELPFUL,Elon Musk did not tweet this.    https://x.com/elonmusk?s=21,0,0
2,1866175907913675263,CURRENTLY_RATED_NOT_HELPFUL,"The claim regarding Israel bombing government buildings in the Syrian capital amidst recent developments may have some context, but it appears that it isn't directly linked to Bashar al-Assad's departure or a large military surrender as suggested. https://www.jewishpress.com/news/middle-east/syria/israels-53rd-raid-on-syria-in-2024-kills-and-injures-7-regime-and-iranian-militias-in-damascus/2024/07/14/",0,0
3,1867350513542406287,CURRENTLY_RATED_HELPFUL,"This is, in fact, a photoshopped picture.    The original, unaltered picture: https://x.com/MelonieMac/status/1719412314095386959",1,1
4,1863623221704081738,CURRENTLY_RATED_HELPFUL,"False. It is possible to be sick without showing symptoms. This condition, known as being asymptomatic, is common in many infections, including COVID-19. It is very well-researched and well-studied.     https://www.who.int/westernpacific/emergencies/covid-19/information/asymptomatic-covid-19",0,0
5,1867423337766383656,CURRENTLY_RATED_HELPFUL,"World Chess Championship is conducted for players from Different countries, not for set of countries from continents. Resentful Pakistanis like Farid Khan use word &quot;South Asia&quot; whenever India &amp; Indians achieve milestone for engagement farming.  https://en.m.wikipedia.org/wiki/World_Chess_Championship_2024",1,1
6,1865236876275388667,CURRENTLY_RATED_NOT_HELPFUL,invisible man    Source:https://m.youtube.com/,0,0
7,1865325205729563058,CURRENTLY_RATED_HELPFUL,Plagiarism     Original version is here:  https://x.com/thetoddjacob/status/1859247087189110830,0,0
8,1864773501388771772,CURRENTLY_RATED_HELPFUL,Syrian Girl lives in Australia.     https://en.wikipedia.org/wiki/Maram_Susli?wprov=sfla1,0,0
9,1863708084981445028,CURRENTLY_RATED_HELPFUL,This picture was taken 8 years ago and is unrelated to the present geopolitical  context. Chinese cleansing actions against the Uyghur population are well evidenced.     https://www.facebook.com/photo.php?fbid=1043628115729648&amp;set=a.509951779097287&amp;locale=hi_IN    https://www.cfr.org/backgrounder/china-xinjiang-uyghurs-muslims-repression-genocide-human-rights    https://en.wikipedia.org/wiki/Persecution_of_Uyghurs_in_China?wprov=sfla1    https://www.amnesty.org.uk/chinas-uighur-muslims-truth-behind-headlines    https://www.ushmm.org/genocide-prevention/countries/china/chinese-persecution-of-the-uyghurs    https://www.dol.gov/agencies/ilab/against-their-will-the-situation-in-xinjiang,0,0
10,1863578885306167342,CURRENTLY_RATED_HELPFUL,No it isn't.     https://en.wikipedia.org/wiki/Air_navigation?wprov=sfla1    ,0,0
11,1863007314195931366,CURRENTLY_RATED_HELPFUL,This is false. These are remote-controlled aircraft.    https://x.com/SaametOskuei/status/1862939747724701928?t=ifGDwvfH3pa73Ri-tFuy-w&amp;s=19,0,0
12,1863320091817042026,CURRENTLY_RATED_HELPFUL,STOP WITH THE STAKE ADS    It's against TOS blablabla can we please get this filth off from X     https://business.x.com/en/help/ads-policies,1,1
13,1868001714705699001,CURRENTLY_RATED_NOT_HELPFUL,This is obviously not something Grok would say in response to ‚ÄúWord of the day‚Äù prior to asking that question the poster asked it to say that.     https://www.theverge.com/2024/1/9/24030261/grok-ai-chatbot-test-chatgpt-twitter-x  ,1,1
14,1864893043121557588,CURRENTLY_RATED_HELPFUL,"It uses an image of betting site on it's post which is against the X policies. Using X platform to publicise betting websites stands violation with X terms and policy, as X prohibits gambling content.    https://business.x.com/en/help/ads-policies/ads-content-policies/gambling-content    https://help.x.com/en/rules-and-policies/paid-partnerships-policy",0,0
15,1856775501102420022,CURRENTLY_RATED_HELPFUL,"Misinformation is being fed here.    Anjali Birla and Aneesh Rajani both are married, and both belong to the same religion as Hindu.    Although, it shouldn't matter, but user by giving false information is trying to create communal tensions among masses.    https://onlyfact.in/claim-about-lok-sabha-speakers-daughter-anjali-birla-marrying-a-muslim-is-misleading/    https://hindi.oneindia.com/fact-check/who-is-anjali-birla-husband-anish-rajani-did-om-birla-choose-a-muslim-son-in-law-1151173.html  ",1,1
16,1851885625961492844,CURRENTLY_RATED_HELPFUL,"1.  It uses an image of betting site on it's post which is against the X policies. Using X platform to publicise betting websites stands violation with X terms and policy, as X prohibits gambling content.    https://business.x.com/en/help/ads-policies/ads-content-policies/gambling-content    2.  Person in the video isn't Drake.  It's Tiktok user &quot;mamayo75&quot;    https://www.tiktok.com/@mamayo75/video/7431745758556097825  ",0,0
17,1851486130492858556,CURRENTLY_RATED_HELPFUL,"It uses an image of betting site on it's post which is against the X policies.  Using X platform to publicise betting websites stands violation with X terms and policy, as X prohibits gambling content.      https://business.x.com/en/help/ads-policies/ads-content-policies/gambling-content#:~:text=What%27s%20the%20policy%3F,have%20prior%20authorization%20from%20X.  ",0,0
18,1860253018857304097,CURRENTLY_RATED_HELPFUL,"This tweet contains a hidden ad for Stake, which is against the TOS for being an undisclosed gambling service, which is prohibited on this site.    https://t.co/wRFm8Q7MKD",0,0
19,1867635090869874806,CURRENTLY_RATED_HELPFUL,"According to Crowned's researchers, bonnets or &quot;sleep caps&quot; go back to the mid-1800s, when European women wore them at night to keep their heads warm.    https://www.byrdie.com/bonnets-history-6744011#:~:text=According%20to%20Crowned's%20researchers%2C%20bonnets,to%20keep%20their%20heads%20warm.",0,0
20,1857032519343800782,CURRENTLY_RATED_HELPFUL,"Important Context: Zoe Rogers was charged with criminal damage, violent disorder and aggravated burglary after she broke into an Elbit Systems UK facility alongside Palestine Action:    https://www.bbc.co.uk/news/articles/cgmvxgkwg17o  https://www.bbc.co.uk/news/articles/c62r7e375z1o",0,0
21,1868285005975126215,CURRENTLY_RATED_NOT_HELPFUL,"This user is using a known bug to make Grok say whatever they want, this response is not trustworthy.    There is also nothing that supports their claim of lolicon being pedophilia, studies actually seem to support the opposite   https://www.treatmyocd.com/what-is-ocd/common-fears/if-i-like-lolicon-does-it-mean-im-a-pedophile-a-therapists-view  https://cbldf.org/2012/07/danish-report-discredits-link-between-cartoons-and-child-sex-abuse/  https://www.nogoldhere.com/post/danish-article-translation-sexology-clinic-cartoon-child-pornography-is-not-harmful",0,0
22,1860897274752122897,CURRENTLY_RATED_HELPFUL,"Senator Mike Rounds is from South Dakota, not North Dakota.    https://en.m.wikipedia.org/wiki/Mike_Rounds    Senator Rounds said nothing that ‚Äúundermines‚Äù Trump. Congress is constitutionally a co-equal branch of government to the executive branch.     https://en.m.wikipedia.org/wiki/Constitution_of_the_United_States",0,0
23,1860853715252412592,CURRENTLY_RATED_HELPFUL,"The individual behind ‚ÄúPalestine News Network‚Äù is a highly volatile and potentially unstable individual who harasses random people about the Israel-Gaza conflict. He approaches them on the street and demands their opinion, often yelling racial slurs or other insults at them.    https://x.com/palinewsnetwork/status/1860577723799744695?s=46",1,1
24,1856404808975937877,CURRENTLY_RATED_HELPFUL,"Jewish people are an ethnic and religious group who traditionally practice Judaism. Jewish ethnicity is long established, and there is genetic research linking Jewish populations from Europe, the Middle East, and North Africa to common Middle Eastern ancestors.  https://www.ncbi.nlm.nih.gov/pmc/articles/PMC18733",0,0
25,1860770434288964010,CURRENTLY_RATED_HELPFUL,"Gumpai has received several things for free, actually.    https://throne.com/gumpai",0,0
26,1852099290690392151,CURRENTLY_RATED_HELPFUL,"While mail-in ballots can be used in those countries, the postal service handles them exactly the same way as any letter. Dedicated ballot boxes only exist at the local municipality office and are often under supervision (in-person or CCTV).    https://www.ch.ch/en/votes-and-elections/elections/where-and-when-to-vote/#where-to-vote    https://www.bmi.bund.de/EN/topics/constitution/electoral-law/bundestag-elections/bundestag-elections-node.html    https://www.gov.uk/how-to-vote/postal-voting",0,0
27,1862922501946540440,CURRENTLY_RATED_HELPFUL,"This is a parody account, Enzo Fernandez does not have an official X account. He only has an Instagram account.    https://www.instagram.com/enzojfernandez/",0,0
28,1853059240623047064,CURRENTLY_RATED_NOT_HELPFUL,"The Branson family no longer own Virgin Media and haven't done so for many years.     https://en.m.wikipedia.org/wiki/Richard_Branson#:~:text=The%20decision%20to%20merge%20his,any%20part%20of%20Virgin%20Media.",0,0
29,1866137164863475990,CURRENTLY_RATED_HELPFUL,"Trump's proposed changes to birthright citizenship refer only to &quot;anchor babies&quot; born to two noncitizen parents on US soil.     All of Trump's children were born to an American father in the USA, and therefore they are not &quot;anchor babies&quot; and would still be born US citizens.     https://t.co/R9ThCOTGhp",0,0
30,1858456980911751410,CURRENTLY_RATED_HELPFUL,This is not a real series or documentary that is being made. The plot - and the image in this post - come from a satirical post made by a parody page.     https://x.com/kunley_drukpa/status/1858296421327241628?s=46,0,0
31,1848350852291121329,CURRENTLY_RATED_HELPFUL,JK Rowling did not tweet this. The original tweet is a Harry Potter reference. This image was digitally altered to make it appear like JK Rowling tweeted a Nazi dogwhistle instead    https://t.co/rtcT7Dhyht,0,0
32,1857744968103665847,CURRENTLY_RATED_NOT_HELPFUL,"User Implied the moon is a &quot;she&quot; https://x.com/tiredfeminist_/status/1857538448741028224    This isn't true as the moon is a rock, and rocks cannot be biologically male nor female.    https://en.wikipedia.org/wiki/Geology_of_the_Moon#:~:text=The%20mass%20of%20the%20Moon,composed%20of%20solid%20rock%20throughout.",0,0
33,1863487879898390693,CURRENTLY_RATED_HELPFUL,This post contained a stake add which was against tos blah blah blah. She needed to be @ to realise how much of a piece of shit she was for having an add on someone in intensive care. https://x.com/en/tos,1,1
34,1863161174168056225,CURRENTLY_RATED_HELPFUL,"This post contains an undisclosed Stake advert, which is against X rules.  https://t.co/kXHdbnIk5H ",0,0
35,1862834778182955263,CURRENTLY_RATED_HELPFUL,This post contains an undisclosed Stake advert. This is against X rules.  https://t.co/ZD4gNWn7v3,0,0
36,1862798244209656047,CURRENTLY_RATED_NOT_HELPFUL,Neither clubs (Man united or Liverpool FC) created the word ‚ÄúPenitentiary‚Äù.   It was first used around the middle English period before both clubs were formed.  https://www.oed.com/dictionary/penitentiary_n1 ,0,0
37,1860387794608357799,CURRENTLY_RATED_NOT_HELPFUL,FAKE!!!    Russian Ruble has been going down. you can also check the current RussianSuble/USD rate    https://www.google.com/search?q=russian%20ruble%20to.usd&amp;ie=utf-8&amp;oe=utf-8,1,0
38,1856340683172524432,CURRENTLY_RATED_HELPFUL,"This is incorrect. In the 1997/98 season, Arsenal closed a 10 point gap on Manchester United that existed at Gameweek 20 and won the league by 1 point. Gameweek 20 is after 11 games.    https://www.transfermarkt.co.uk/premier-league/formtabelle/wettbewerb/GB1?saison_id=1997&amp;min=1&amp;max=20    https://www.transfermarkt.co.uk/premier-league/formtabelle/wettbewerb/GB1?saison_id=1997&amp;min=1&amp;max=38",0,0
39,1862602307852279970,CURRENTLY_RATED_HELPFUL,This is not true and an interaction bait post. You can find all of the hashmojis here: https://x.com/hashmojis,1,nan
40,1857709470987505813,CURRENTLY_RATED_NOT_HELPFUL,"The claim that ‚Äúeverything related to Palestinians is a lie‚Äù is itself‚Ä¶a lie. Palestinians have a documented history dating back centuries, their flag was officially adopted in 1964, and their posts on X? Well, those are as real as this one. Facts matter!    Source;    https://en.m.wikipedia.org/wiki/State_of_Palestine",1,1
41,1854920632254992803,CURRENTLY_RATED_NOT_HELPFUL,Drew is a known liar takes the clip out of context     https://x.com/foreignsticks/status/1854868955459965228?s=46&amp;t=SJcjPDBkAzjCACohzgkHFQ,1,1
42,1866245848231022939,CURRENTLY_RATED_HELPFUL,"Adding to the YouTube link, Luigi's X account further corroborates that the account and video were fabricated using his X account images/content and were not published by him.  https://x.com/PepMangione   https://t.co/twuQsO4Wfc",0,0
43,1867609130778722341,CURRENTLY_RATED_HELPFUL,This image contains a promo for Stake which is a gambling site   that violates X's rules. It also appears that the account itself is partnered with Stake.    https://business.x.com/en/help/ads-policies/ads-content-policies/gambling-content,0,0
44,1857906058284454223,CURRENTLY_RATED_HELPFUL,"The author is not unknown, original work is from https://www.behance.net/gallery/146378797/Motion-conceptualization-form",0,0
45,1839760289748922605,CURRENTLY_RATED_HELPFUL,"This is another attempt at farming impressions. User is known to fake videos for likes and retweets.      Neymar Jr's reaction was real but it wasn't even on the same map and it didn't even end the same way. Also, his reaction was embedded like the video was made for mobile.    https://x.com/moichlorine/status/1839728561608863914",1,1
46,1852186446779572377,CURRENTLY_RATED_NOT_HELPFUL,It's important to point out these individuals support a direct or &quot;representative&quot; type of democracy vs. the type the U.S. was founded on.  Karl Marx stated &quot;Democracy is the road to socialism&quot;.  He was referencing a direct democracy https://www.goodreads.com/quotes/8584444-democracy-is-the-road-to-socialism https://www.postregister.com/opinion/guest_column/opinion-karl-marx-loved-democracy/article_a0f99cc7-2850-580c-8623-0842fbebd8ae.html,1,0
47,1851747208468775136,CURRENTLY_RATED_NOT_HELPFUL,20 decillion is followed by 33 zeros  the Post put 36 zeros after 20 which is mathematical error.  https://www.pcworld.com/article/2505592/russia-fines-google-20-decillion-dollars.html  https://x.com/Globalhawkeye1/status/1851746986141118557,0,0
48,1850613645178187890,CURRENTLY_RATED_HELPFUL,"Both boys are Different.  Little Boy name is 'Hope' was saved in 2017.  Grown Up Boy name is 'Prince' saved in 2014.  Both boys was saved by woman name Anna , who run Rehab organization the 'Land of Hope'   Both Boys photos are on official social medial page.    HOPE-https://www.facebook.com/anjarloven/posts/pfbid032fmbgVLJUkEtxbJCTq1TEAexJNbqDmDosFmTsaEvshFxufvoQ58Zqhf7ZsqmXxnLl    Prince-https://www.facebook.com/unitedagainstsuperstition/posts/pfbid02j89dGo5E6EJ3uo2qQn1tQWnGu7Ma6Eggrvu5ntJiYC7BdVSyo85wFgXWyRcBiph6l",0,0
49,1864578410502082983,CURRENTLY_RATED_NOT_HELPFUL,Chris and Patrick V√∂r√∂s have not casted in any movies.    https://www.imdb.com/title/tt0170016/fullcredits ,0,0
50,1847352162755760623,CURRENTLY_RATED_NOT_HELPFUL,"I agree with the other CN, even though in terms of looks hyunjin is way better than mingyu and even ranks above him in the list. Pop base is biased towards mingyu‚Äôs beauty    https://www.pinkvilla.com/entertainment/10-most-handsome-k-pop-idols-bts-jin-v-astros-cha-eun-woo-more-1287440",1,1
51,1867846366929494458,CURRENTLY_RATED_NOT_HELPFUL,"Please stop acting like that! With the current level of education and the inability to understand read words, many people actually believe that this fungus eats/absorbs the radiation.  This is not just a problem in Germany.     https://www.news4teachers.de/2024/12/pisa-fuer-erwachsene-jeder-fuenfte-mit-lesekompetenz-eines-10-jaehrigen-kindes/",1,1
52,1854836486249537792,CURRENTLY_RATED_HELPFUL,There has been no official announcement from Donald Trump or Elon Musk stating that Dogecoin will be the new world reserve currency or the official tender of any U.S. government department.    https://x.com/realdonaldtrump    https://x.com/elonmusk,0,0
53,1849802349507719672,CURRENTLY_RATED_HELPFUL,Fake article manipulates you into participating in a crypto get rich quick scheme.    https://www.cbc.ca/player/play/video/1.7110035,1,0
54,1847254324713284091,CURRENTLY_RATED_HELPFUL,Clickbait &quot;article&quot; manipulates you into participating in a crypto get rich quick scheme from Paradonix Earn.     https://www.cbc.ca/player/play/video/1.7110035,1,0
55,1845860799220498928,CURRENTLY_RATED_HELPFUL,"This video is a marketing strategy of a dropshipping outlet, which may get its products from platforms like AliExpress.    Be aware that there‚Äôs a risk that products may be counterfeit, unfit for use and lack legal safety compliance.    https://www.vice.com/en/article/7kxepa/twitter-users-are-warning-each-other-about-its-junk-ads-with-community-notes",0,0
56,1844021633620599140,CURRENTLY_RATED_HELPFUL,Traditionell Falafel are vegan. You cannot clearly see if she is eating meat.    https://www.velivery.com/en/vegan-food/meat-sausage-and-fish-alternatives/meat-alternatives/meatball-alternatives/vivera-vegan-spinach-falafel-200g,0,0
57,1840886609652150477,CURRENTLY_RATED_HELPFUL,This is the trial of Young Thug. It is written on the screen of the video.  https://x.com/robertdunlap947/status/1840875336654893270?s=46,0,0
58,1841968400744239303,CURRENTLY_RATED_NOT_HELPFUL,"Trump spends his own money to help the people in need. He doesn‚Äôt have to donate when he invests to make things better, also like calling Elon Musk, arranging things with Ivanka Trump, etc     The assumption that the money will go somewhere else than to the people is low  https://www.hindustantimes.com/world-news/us-news/ivanka-trump-goes-philanthropic-and-joins-hurricane-helene-disaster-relief-makes-spacex-donations-in-north-carolina-101727924494815-amp.html  https://www.donaldjtrump.com/news/326e4128-1bd3-4698-b642-193254f3b969",1,1
59,1855428041113002167,CURRENTLY_RATED_HELPFUL,This is not a SpaceX Raptor 3. This engine was manufactured by Chinese company LandSpace for their Zhuque-2E rocket.    https://x.com/China__Focus/status/1848928079814480151  https://mp.weixin.qq.com/s/yFLEFZ6wKlvTRBxoCWHVqw,0,0
60,1862903920588382260,CURRENTLY_RATED_NOT_HELPFUL,Stop it. It is not funny at all.  https://en.wikipedia.org/wiki/Joke,1,1
61,1862930736191336830,CURRENTLY_RATED_HELPFUL,"This post contains an advertisement for Stake, a gambling website. Her bio also tags Stake. It is illegal and a breach of intellectual property rules and X Terms of Service.     https://business.x.com/en/help/ads-policies/ads-content-policies/gambling-content",0,0
62,1842953634310402081,CURRENTLY_RATED_NOT_HELPFUL,"There are also cases where women are known to do necrophilia. Only blaming it on men is misleading.    https://www.snopes.com/fact-check/dead-man-impregnates-woman/    Moreover, men are discouraged to report rape as a victim due to social stigma, exact extent of rape by female is unknown due to lack of enough studies on this.    https://journals.sagepub.com/doi/full/10.1177/0253717620972912",0,0
63,1867642212575502546,CURRENTLY_RATED_HELPFUL,"This is a private plane crash on I 684 in Harrison NY which occurred on on December 12, 2024.     https://www.greenwichtime.com/news/article/plane-crash-i-684-westchester-ny-greenwich-ct-19977073.php    https://www.ctinsider.com/news/article/i-684-plane-crash-westchester-ny-greenwich-ct-19977940.php    https://nypost.com/2024/12/12/us-news/small-plane-crashes-along-westchester-highway-near-county-airport/",0,0
64,1862330809237065860,CURRENTLY_RATED_HELPFUL,This is a photo from 2017 it has no association with Taylor Swift    https://www.democratandchronicle.com/videos/marketplace/2017/11/24/black-friday-shopping/107983800/,0,0
65,1856055463668003329,CURRENTLY_RATED_HELPFUL,"This is incorrect. Beyonc√©‚Äòs Cowboy Carter (2024) produced three hits in the top 10 of the Billboard Hot 100 Charts; Texas Hold Em, II Most Wanted and Jolene. The album SOS (2022) by SZA produced five; Kill Bill, Good Days, Snooze, I Hate U, Nobody Gets Me.     https://www.billboard.com/music/chart-beat/beyonce-100-career-hot-100-hits-cowboy-carter-1235651728/  https://www.billboard.com/lists/sza-sos-anniversary-kill-bill-records-achievements/sos-joins-the-five-timers-club/",0,0
66,1849403764702097470,CURRENTLY_RATED_NOT_HELPFUL,There is no proof that Dr. Jill Stein is in fact a Jew. There is a icon of Christianity found in her room and she is wearing a Keffiyeh which also have no relation to the Jews.    https://x.com/OurielOhayon/status/1849369039321043080  https://en.wikipedia.org/wiki/Keffiyeh,0,0
67,1854697702065381460,CURRENTLY_RATED_HELPFUL,"There is no proof these are Ukrainian soldiers.    The source is a well known Russian propaganda outlet.     https://news-pravda.com/world/2024/11/05/827491.html    The Ukrainian military does not commonly use the M16, and this M16 has no rear sight so is likely not used by an actual soldier.    https://freerangeamerican.us/guns-of-ukrainian-army/",0,0
68,1862873974754902523,CURRENTLY_RATED_NOT_HELPFUL,"As of 2023, only 6% of European citizens are Non-European, out of the 4.3 Million people that have migrated to europe, 3.7 Million of them have been legal.    https://commission.europa.eu/strategy-and-policy/priorities-2019-2024/promoting-our-european-way-life/statistics-migration-europe_en#refugees-in-europe",0,0
69,1852139051861586021,CURRENTLY_RATED_NOT_HELPFUL,The ballot box is heavily monitored and all of the ballots are sorted through on election day.     https://www.brennancenter.org/voting-mail-and-using-drop-boxes-are-safe-and-trustworthy-ways-vote-thanks-numerous-security  https://www.eac.gov/how-do-drop-boxes-work,0,0
70,1866702241786368280,CURRENTLY_RATED_HELPFUL,"This is a bear privately cared in Bosnia, it is used to human presence.    https://people.com/influencer-stefan-jankovic-close-bear-encounter-with-after-crawling-into-animal-den-8715407",0,0
71,1865897435425538471,CURRENTLY_RATED_HELPFUL,"This post contains an undisclosed ad for Stake, a gambling site. Promoting gambling sites goes against X's Terms of Service.    https://business.x.com/en/help/ads-policies/ads-content-policies/gambling-content",0,0
72,1864014379617783851,CURRENTLY_RATED_HELPFUL,"There's no actual source Mentioning that a meteorite will fall on December 9, there is no information regarding the theory    https://www.nasa.gov/",0,1
73,1851244716135944459,CURRENTLY_RATED_HELPFUL,"The cop didn‚Äôt shoot the suspect because he was trying to r*pe the woman, the suspect was trying to attack the woman with a knife which led to him being fatally shot.    https://youtu.be/I3oUjpmda7g?si=Itn_8j3gFI6P_czL  https://www.wbaltv.com/article/baltimore-police-shooting-lafayette-fulton-avenues/41879499",0,1
74,1847857370954670093,CURRENTLY_RATED_HELPFUL,"The ‚ÄúON THE RUN‚Äù &amp; ‚ÄúON THE RUN II‚Äù do not fall under the female hip-hop tours, because Beyonc√© isn‚Äôt a female rapper, she is a female singer.  Therefore, ‚ÄúPink Friday 2‚Äù remains the highest grossing female hip-hop tours of all time.    https://en.m.wikipedia.org/wiki/Pink_Friday_2_World_Tour",0,1
75,1851666053916500315,CURRENTLY_RATED_NOT_HELPFUL,What does Jewishnes to do with the story?   Are you suggesting that jews are pedophiles??    Antisemite.     https://en.wikipedia.org/wiki/Antisemitism,1,1
76,1836302405757210649,CURRENTLY_RATED_HELPFUL,The Senate voted against a suspension of standing orders.  The Senate did not vote to block the Bill.      https://www.theage.com.au/national/australia-news-live-pm-blames-greens-as-senate-housing-stoush-continues-trump-blames-biden-and-harris-for-assassination-attempt-20240917-p5kb2i.html  ,0,0
77,1833597624139518324,CURRENTLY_RATED_HELPFUL,This post is totally fake as there is no feature like this in the new version of Iphones as shown in video  https://www.apple.com/uk/iphone-16-pro/,1,1
78,1866080830675697979,CURRENTLY_RATED_HELPFUL,Bro forgot the image AGAIN    https://www.twitter.com/fuckstake_,1,1
79,1864830384573227015,CURRENTLY_RATED_NOT_HELPFUL,Haysaka_Aryan is person of colour.    https://en.wikipedia.org/wiki/Mexicans,0,0
80,1846787653263675800,CURRENTLY_RATED_HELPFUL,"Important to note that this user has @Stake tagged in his bio, as well as an offer to sign up in his website section.     This is a direct violation of X‚Äôs prohibition of promoting gambling content     x.com/UTDTrey  https://business.x.com/en/help/ads-policies/ads-content-policies/gambling-content",0,0
81,1866136079482376246,CURRENTLY_RATED_HELPFUL,Misinformation and false. There are no news reports linking Beyonc√© to being the unnamed female celebrity in the filing. Post is harmful speculation and not fact.     https://www.documentcloud.org/documents/25449342-diddy-lawsuit-naming-jay-z/,1,0
82,1843158620915012035,CURRENTLY_RATED_NOT_HELPFUL,While some of the warmer fall months came from seasonal drift due to the imperfect nature of the standard calendar system having one year being 365.2422 days instead of a perfect 365.25. Most of it being from cooperate greed carelessly polluting our planet.    https://pumas.nasa.gov/examples/how-many-days-are-year  https://www.nrdc.org/bio/josh-axelrod/corporate-honesty-and-climate-change-time-own-and-act  https://www.theguardian.com/sustainable-business/2017/jul/10/100-fossil-fuel-companies-investors-responsible-71-global-emissions-cdp-study-climate-change  https://sites.manchester.ac.uk/global-social-challenges/2022/07/07/corporations-vs-consumers-who-is-really-to-blame-for-climate-change/,1,1
83,1865661969279447116,CURRENTLY_RATED_HELPFUL,"This post contains an advertisement for Stake, a gambling site. Advertising a gambling platform in a post is against X rules, which is what this user is doing.    Please report the post/user so I can stop writing all these notes for posts infected with Stake advertisements.    https://business.x.com/en/help/ads-policies/ads-content-policies/gambling-content ",1,0
84,1852511217975496704,CURRENTLY_RATED_NOT_HELPFUL,"It is false,  Fortnite peaked at 9.846 million players which was accross all game modes and not just the live event   This post was mostly made to farm engagement.  https://x.com/0xPaarth/status/1852510837233377555",1,0
85,1835393923025387748,CURRENTLY_RATED_NOT_HELPFUL,The election was rigged in Biden's favor against Trump.    https://theconversation.com/why-do-millions-of-americans-believe-the-2020-presidential-election-was-stolen-from-donald-trump-224016,1,1
86,1857581462855340071,CURRENTLY_RATED_NOT_HELPFUL,"The propaganda spouted towards the American people will not stop on day one because they would need to pass a law through congress making it illegal again after Obama made it legal. However, most of congress and senate are bought by special interest groups. https://northwesternlawreview.org/issues/apple-pie-propaganda-the-smith-mundt-act-before-and-after-the-repeal-of-the-domestic-dissemination-ban/",1,1
87,1857580060384850394,CURRENTLY_RATED_NOT_HELPFUL,"Reddit doesn‚Äôt actually have that many real people using their website therefore this is probably just propaganda.  Reddit banned anyone with real opinions, which is most people, back in 2017. Now it‚Äôs just a cesspool of corporate and government disinformation and propaganda. https://www.lunio.ai/blog/reddit-bots",1,1
88,1847298221724291118,CURRENTLY_RATED_NOT_HELPFUL,"Neither numbers correspond with their ages. Donald Trump is currently 78, and Reagan is dead.  https://en.m.wikipedia.org/wiki/Donald_Trump  https://en.m.wikipedia.org/wiki/Ronald_Reagan",0,0
89,1855262580639773158,CURRENTLY_RATED_HELPFUL,These works are not the real ones. They are replicas bought through Amazon that they then put up for bid. The people running this account have not proven to belong to the Afremov family.    https://www.amazon.es/s?k=Afremov&amp;crid=1CCG5ZP7U6883&amp;sprefix=afremov%2Caps%2C159&amp;ref=nb_sb_noss_1,0,0
90,1868236416397746260,CURRENTLY_RATED_HELPFUL,This post contains an undisclosed advertisement for an online gambling platform. This violates X‚Äôs terms of service     https://business.x.com/en/help/ads-policies/ads-content-policies/gambling-content,0,0
91,1857372466441855098,CURRENTLY_RATED_HELPFUL,This person is preaching about safe driving and taking a picture while driving the car at a speed of 72km/hr.     Use of mobile phone while driving is illegal. https://www.drivespark.com/four-wheelers/2024/motor-vehicles-act-phone-use-driving-india-011-048129.html,0,0
92,1835333277529350294,CURRENTLY_RATED_NOT_HELPFUL,JD Vance did not invent the story.   Vivek Ramaswamy will be holding a townhall in Springfield soon.    https://nypost.com/2024/09/14/us-news/agencies-to-increase-enforcement-in-jamaica-bay-over-animal-sacrifices/  ,1,0
93,1867583154095370686,CURRENTLY_RATED_HELPFUL,"Sadly, this is merely satire due to the fact that Portal 2 has not been recently updated.    Portal 2's public branch was last updated 6 months ago.     https://steamdb.info/app/620/depots/",1,0
94,1851586785924747656,CURRENTLY_RATED_NOT_HELPFUL,Apple has not released the MacBook Pro models with the M4 Chip  It currently sells the M3 MacBook Pro models on its website.  https://www.apple.com/macbook-pro/    A press release is expected for the M4 Models soon ,0,0
95,1857048993961791560,CURRENTLY_RATED_HELPFUL,An investigation found the cases of EVALI were linked to contaminated illegal products. It was not linked to regular or long-term vaping. There was no similar outbreak of EVALI in the UK. There is no good evidence that legal e-cigarettes cause lung disease - https://www.cancerresearchuk.org/about-cancer/causes-of-cancer/smoking-and-cancer/is-vaping-harmful#ecigsrefs0 ,0,1
96,1848015130811941307,CURRENTLY_RATED_HELPFUL,"Note is needed. According to X's Terms of Service, parody accounts are required to include the word &quot;Parody&quot; in both their bio and account name.    https://help.x.com/en/rules-and-policies/x-impersonation-and-deceptive-identities-policy",0,0
97,1822914882519343320,CURRENTLY_RATED_HELPFUL,"The Winged Victory of Samothrace, or the Nik√© of Samothrace, is a votive monument originally found on the island of Samothrace, north of the Aegean Sea. It is a masterpiece of Greek sculpture from the Hellenistic era, dating from the beginning of the 2nd century BC (190 BC).     https://en.wikipedia.org/wiki/Winged_Victory_of_Samothrace",0,0
98,1819113682779230646,CURRENTLY_RATED_HELPFUL,The countries listed are not socialists but free market economies with varying levels of welfare policies.     https://foreignpolicy.com/2021/10/27/nordic-countries-not-socialist-denmark-norway-sweden-centrist/    https://en.m.wikipedia.org/wiki/List_of_socialist_states,0,0
99,1856132186061017502,CURRENTLY_RATED_HELPFUL,This picture has been altered to make them wear fetish gear. The original can be seen here.    https://x.com/itsdeaann/status/1856110839750881553?t=eMSjMXSetSP_titcgwKZGQ&amp;s=19,0,0
100,1850453670493864266,CURRENTLY_RATED_NOT_HELPFUL,This is not a map     https://en.wikipedia.org/wiki/Map,0,0
101,1860896948120600844,CURRENTLY_RATED_HELPFUL,"This video has been altered. This was originally Maddow's reaction to certain immigration policies under the Trump administration, as seen in the original video.    https://youtu.be/DKuIjT-k-C8?si=WQnimZTkWM5AdlMR",0,0
102,1850275334127796479,CURRENTLY_RATED_HELPFUL,"NoodleHairCR7 has cropped out Mendy, the player playing Lewandowski onside.   https://en.m.wikipedia.org/wiki/Offside_(association_football)",0,0
103,1842665648486306156,CURRENTLY_RATED_NOT_HELPFUL,"The people of South America and Mexico have nothing to do with this account, the name America is misleading as it is an account dedicated to the United States of America, not the whole of America.    https://en.m.wikipedia.org/wiki/United_States#:~:text=%22United%20States%22%20and%20%22U.S.,of%20North%20and%20South%20America.",0,0
104,1837987490025644300,CURRENTLY_RATED_HELPFUL,Tucker Carlson and Fox News parted ways in April 2023. The above statements are at least that old and cannot possibly be related to the invasion of Kursk:  https://press.foxnews.com/2023/04/fox-news-media-and-tucker-carlson-part-ways    Ukraine's invasion of Kursk happened significantly later: https://en.wikipedia.org/wiki/August_2024_Kursk_Oblast_incursion,0,0
105,1861988935947223194,CURRENTLY_RATED_NOT_HELPFUL,"It is against the law to take a pictures of movies in a movie theater.    https://www.thefederalcriminalattorneys.com/unauthorized-recording-motion-pictures#:~:text=The%20law%20prohibits%20anyone%20from,the%20copyright%20owner's%20express%20authorization.",0,0
106,1828861516684124653,CURRENTLY_RATED_NOT_HELPFUL,Videos like this are setup where animals are pitted against each other in life or death scenarios. This type of content caters to those who enjoy seeing animals suffer and breaks X‚Äôs terms of use.    https://help.x.com/en/rules-and-policies/violent-content,0,0
107,1838241125703786612,CURRENTLY_RATED_HELPFUL,"This is a prank. The same driver and traffic warden can be heard and seen in many other videos, usually involving a Tesla.     https://youtu.be/hpCjHKrAfAg?si=ozOdgoMYLECkZDs4",0,0
108,1820572740434461090,CURRENTLY_RATED_NOT_HELPFUL,‚ÄúRACEST‚Äù is spelt incorrectly.   The correct spelling is ‚ÄúRACIST‚Äù.    https://dictionary.cambridge.org/dictionary/english/racist,0,0
109,1815431441196495045,CURRENTLY_RATED_NOT_HELPFUL,"If this was the case, it now appears to be resolved and you can view the account here - https://x.com/britisharmy?s=21",0,0
110,1868282709623075184,CURRENTLY_RATED_HELPFUL,"Due to the Earth‚Äôs rotation, stars will appear to move when looking at them through a stable telescope or camera. It is more noticeable with planets in our solar system because of their closer proximity to Earth compared to other, more distant stars.    https://public.nrao.edu/ask/why-do-stars-appear-to-move-in-the-night-sky/#:~:text=These%20apparent%20star%20tracks%20are,to%20west%20in%20the%20sky.",0,0
111,1867709489605943649,CURRENTLY_RATED_HELPFUL,The Author inserted an undisclosed Ad for OnlyFans in this thread.    https://x.com/hayomide_/status/1867668699454615562?s=46,0,0
112,1841977645577208147,CURRENTLY_RATED_HELPFUL,"Just @CommuityNotes next time, AB! We love helping where we can. Sperm is able to swim against gravity.     https://www.huggies.com.au/conception/getting-pregnant/best-positions-for-getting-pregnant#:~:text=Women%20can%2C%20and%20do%2C%20conceive%20in%20any%20position.    https://kidshealth.org/en/teens/standing.html#:~:text=en%2520espa%C3%B1ol%253A%2520%C2%BFEl%2520hecho%2520de,ayudar%2520a%2520evitar%2520el%2520embarazo%253F&amp;text=Any%2520time%2520a%2520couple%2520has,having%2520one%2520person%2520on%2520top.",1,0
113,1835428012730298737,CURRENTLY_RATED_HELPFUL,This is not Baron Trump. This is an impersonation account. A quick review of the account‚Äôs previous posts from 2014 show the owner of the account posting selfies where they self-identify.     https://x.com/real_barron01/status/535298235217113088?s=46    Impersonation is against X‚Äôs terms of service. https://t.co/JffEsZqeEn,0,0
114,1863557547224940779,CURRENTLY_RATED_HELPFUL,Fabricated Quote. Taylor never said that.    https://www.france24.com/en/tv-shows/truth-or-fake/20241112-did-beyonce-and-taylor-swift-announce-a-red-state-boycott-after-trump-s-reelection-win,0,0
115,1828826050312507821,CURRENTLY_RATED_HELPFUL,"This video does not show a world strike or attack but a Starlink satellite re-entering the Earth's atmosphere over Switzerland and Southwest Germany, creating a bright light in the sky. The German authorities confirmed it was a Starlink satellite, not a threat or attack.    https://www.zeit.de/gesellschaft/zeitgeschehen/2024-08/satellit-starlink-spacex-atmosphaere-schweiz-baden-wuerttemberg",0,0
116,1830656715030724899,CURRENTLY_RATED_HELPFUL,This is a Circassian dance not a Russian dance.     The Russians had their own dances instead:  https://en.wikipedia.org/wiki/Russian_folk_dance  https://www.rusclothing.com/blog/about-russian-folk-dance/  https://www.rbth.com/arts/332759-russian-folk-dance,0,0
117,1855348076766175607,CURRENTLY_RATED_NOT_HELPFUL,"Cults commonly present a similar behavior. As they indoctrinate new members, many cults separate them from their families, friends, and jobs, slowly remaking their identities to suit the group.    https://online.utpb.edu/about-us/articles/psychology/the-psychology-of-cults/",0,0
118,1866641306765652195,CURRENTLY_RATED_NOT_HELPFUL,"The SDF is led by the PKK/YPG, not by Kurds. The PKK/YPG‚Äîan organization designated as a terrorist group by both EU and the US‚Äîshould not be misrepresented as Kurdish. Such a portrayal is demeaning towards Kurds and violates X rules by reinforcing negative stereotypes.    https://www.state.gov/foreign-terrorist-organizations/  https://neighbourhood-enlargement.ec.europa.eu/document/download/954941b5-87e8-4b22-b1e4-ceb2762a33b0_en?filename=20190529-turkey-report.pdf  https://x.com/hermes_z/status/1865425989238411565/video/1  https://x.com/JoachimTheGhost/status/1865735237054910712  https://help.x.com/en/rules-and-policies/hateful-conduct-policy",1,0
119,1850609078642586019,CURRENTLY_RATED_HELPFUL,"&quot;The story of Hayriye is well documented with substantial evidence. This post appears to downplay severe war crimes, including the documented abuse of children, potentially for political purposes.&quot;    Source: Allied Commision Report, Atrocit√©s grecques en Turquie, page 235  Link:  https://fatsr.org/wp-content/uploads/2018/08/Atrocit%C3%A9s-grecques-en-Turquie-second-livre-Constantinople-1921.pdf",0,0
120,1853452853769286109,CURRENTLY_RATED_NOT_HELPFUL,"OP Poll question should not be leading, and should be structured, grammatically correct: Especially critical on public opinion for laws.  She, knowingly, threw 'at', not 'on'. Any act, and it's valuation, relates to sentencing.    How to create effective Poll Questions  https://pointerpro.com/blog/poll-questions/",1,0
121,1822004040206840171,CURRENTLY_RATED_NOT_HELPFUL,"WP is viewed as intrinsic to a Party.     &quot;Harris dropped out..&quot; Wash.Post: Dec. 3, 2019   https://www.cnbc.com/2019/12/03/kamala-harris-drops-out-of-2020-presidential-race.html    &quot;Is&quot;, most often, references 'a departure'.   AP News:  Jun12, 2023   &quot;...Fred Ryan is leaving ...&quot;     However,  &quot;...placing the Trump campaign, in the position of having...&quot; is, perhaps, clearer.        ",0,0
122,1812495406934249779,CURRENTLY_RATED_NOT_HELPFUL,Android phones do in fact have an England flag emoji. This is just plain ignorant üè¥Û†ÅßÛ†Å¢Û†Å•Û†ÅÆÛ†ÅßÛ†Åø  The United Kingdom is not a UEFA team.  https://www.uefa.com/uefanationsleague/teams/,1,1
123,1814987656834523620,CURRENTLY_RATED_HELPFUL,This post uses art created by @Mhuyo without giving credit    https://x.com/Mhuyo/status/1633453059949973506,0,0
124,1831100974896992408,CURRENTLY_RATED_NOT_HELPFUL,Quran 9:123-129 - ‚ÄúFight believe you who O of those close to you and let them find the disbelievers and let them find in you harshness and know that Allah (is) with you.‚Äù    https://islamicstudies.info/quran/ishraq.php?sura=9&amp;to=129&amp;verse=123&amp;t,0,0
125,1866570396151038276,CURRENTLY_RATED_HELPFUL,User is spreading false news for engagement; Governor Walt previously made a statement about Chauvin: https://mn.gov/governor/newsroom/press-releases/?id=1055-477138,0,0
126,1853444381346258956,CURRENTLY_RATED_NOT_HELPFUL,"Will.I.Am sits on the Board of the World Economic Forum Fourth Industrial Revolution Advisory Committee. WEF details should be made aware, as the WEF ‚Äúshapes the future of the world‚Äù    https://www.weforum.org/people/william-adams/    https://youtu.be/AZwqWCiQKoM",0,0
127,1848617855840870462,CURRENTLY_RATED_HELPFUL,"False. This image is from Yemen, not the Gaza Strip and isn‚Äôt recent.      https://www.alwatanvoice.com/arabic/news/2020/10/24/1377242.html  ",0,0
128,1848350669108814227,CURRENTLY_RATED_HELPFUL,The account has been hacked.  Please do not believe anything that this account reports.    https://x.com/juventusfc/status/1848347890038825036?s=46,0,0
129,1864341051449987220,CURRENTLY_RATED_NOT_HELPFUL,"T√ºrkiye is a secular country.It has no jihadist. He accuses T√ºrkiye with a random photo. There is no evidence as to whether the people in the photo are civilians, what happened to them and who did it. This account presents an unproven claim as fact and spreads lies.    https://en.m.wikipedia.org/wiki/Secular_state",1,1
130,1860360923698823660,CURRENTLY_RATED_HELPFUL,None of them are Greek desserts.  Antep baklava and Antakya K√ºnefe are considered geographically indicated products of T√ºrkiye by the European Commission    https://www.eeas.europa.eu/delegations/t%C3%BCrkiye/products-geographical-indication_en?s=230,0,0
131,1858079134146003128,CURRENTLY_RATED_HELPFUL,There is no such country as kurdistan.  https://www.worldometers.info/geography/how-many-countries-are-there-in-the-world/,0,1
132,1857418788028764188,CURRENTLY_RATED_NOT_HELPFUL,There is no Armenian genocide recognised by the UN. Armenians who collaborated with the enemy of Ottoman Empire and killed the Turks were settled in different parts of the Ottoman territory. This is not genocide. The relocation.    https://x.com/FCArmenia/status/949608842677104640?t=KTW_SMLdXHhcLPRkAyMuQQ&amp;s=19    https://x.com/FCArmenia/status/1253633577348214784?t=KTW_SMLdXHhcLPRkAyMuQQ&amp;s=19    https://x.com/FCArmenia/status/1385907368588980230?t=KTW_SMLdXHhcLPRkAyMuQQ&amp;s=19    https://youtu.be/ujDbiasLgQs?    https://x.com/FCArmenia/status/1518136660768272386?t=KTW_SMLdXHhcLPRkAyMuQQ&amp;s=19    https://x.com/FCArmenia/status/1518171389647282178?t=KTW_SMLdXHhcLPRkAyMuQQ&amp;s=19    https://youtu.be/iTnCSBrJlzc?si=fBDRalAFF8YsV8yI    https://youtu.be/1nij_I3RS6Y?si=ndgDpuk0iS09uGqwsi=9tHsHsU5uVq5G2Mm,1,0
133,1832483153006498130,CURRENTLY_RATED_NOT_HELPFUL,"This oversimplifies complex philosophical discussions about the nature of God.  The problem with the premise is that evils are logically necessary for the goods that outweigh them.  In which case it is not true that a omnipotent being would want to eliminate such evils.    https://en.m.wikipedia.org/wiki/Evil  https://plato.stanford.edu/entries/evil/  https://www.documentacatholicaomnia.eu/03d/1225-1274,_Thomas_Aquinas,_Summa_Theologiae_%5B1%5D,_EN.pdf",0,0
134,1826752619986989455,CURRENTLY_RATED_HELPFUL,"While the UK has a general rule denying immigration to individuals convicted of crimes punishable by 12 months or more of imprisonment, no specific rule or order has been issued targeting Trump personally.    https://unlock.org.uk/advice/travelling-uk/    https://assets.publishing.service.gov.uk/media/65a6b8ef867cd8000d5ae9b1/Criminality.pdf",0,0
135,1820560198463004820,CURRENTLY_RATED_HELPFUL,"This image exhibits characteristics commonly associated with AI-generated content.     These include inconsistencies in the pattern on the police hat, text on the uniform and other headdresses, the phone, the UK flag, and the tree.    https://uk.pcmag.com/ai/148429/how-to-detect-ai-created-images",0,0
136,1820182417224994889,CURRENTLY_RATED_HELPFUL,"Noah Lyles did not win a medal yet today as he competed in the 100m semifinals, not the final.     He has qualified for the final.    https://apnews.com/article/2024-olympics-100m-lyles-thompson-ccf37184afc2f3318271d4c495d2a16b",0,0
137,1862196364903371145,CURRENTLY_RATED_HELPFUL,"not real, mbappe's photo is a sticker.     https://www.instagram.com/caoimhinkelleher98?igsh=ZzBjOW4wMXJmd3Y4",0,0
138,1847836778004099483,CURRENTLY_RATED_NOT_HELPFUL,"This photo depicts the AI girlfriend paying the man from her AI vagina. ButaActually, it's more likely the man would be paying the AI girlfriend     https://medium.com/predict/ai-girlfriends-the-latest-chapter-in-the-loneliness-economy-931a5cf284d5",0,1
139,1847010107370147909,CURRENTLY_RATED_NOT_HELPFUL,"Yahya Sinwar is dead. Don't spread fake news.    He was your father, I can understand your feelings. But he's no more.    https://timesofindia.indiatimes.com/world/middle-east/mass-murderer-yahya-sinwar-eliminated-by-idf-israeli-foreign-minister/articleshow/114324821.cms",1,0
140,1848227597064327356,CURRENTLY_RATED_HELPFUL,Misinformation! None of those guys are Indians. The video is from Russia.   https://www.reddit.com/r/GTAorRussia/comments/focnj4/3_guys_getting_beaten_up_by_a_russian_in_an/,0,1
141,1818198613958267313,CURRENTLY_RATED_NOT_HELPFUL,The picture is from a Chinese movie and it is around for at least five years.     https://www.reddit.com/r/therewasanattempt/comments/11efqjg/to_shoot_like_a_sniper_by_a_chinese_film_hero/,0,0
142,1812198558243668158,CURRENTLY_RATED_HELPFUL,"It is not Indore city in India as the post claims. The city is Shenzhen, China.     https://x.com/ShenzhenCity/status/1781157857913634894  ",0,0
143,1809574176396627993,CURRENTLY_RATED_NOT_HELPFUL,"The Exact name of the effect is  Pareidolia     https://www.collinsdictionary.com/es/diccionario/ingles/pareidolia#:~:text=Definici%C3%B3n%20de%20%22pareidolia%22&amp;text=Rationality%20insists%20that%20this%20is,perceive%20patterns%20in%20abstract%20stimuli.&amp;text=Face%20pareidolia%20%E2%80%93%20seeing%20faces%20in,shadow%20%E2%80%93%20is%20an%20everyday%20phenomenon. ",0,0
144,1847141274278572260,CURRENTLY_RATED_HELPFUL,Users shouldn't come in fake promises of gaining profits in trading it might end with Scam or Huge Losses.    https://groww.in/blog/how-to-avoid-whatsapp-and-telegram-investing-scams-in-stock-market,0,0
145,1864714591260836133,CURRENTLY_RATED_HELPFUL,This is a person of interest according to NYPD and has not been confirmed to be the assassin.    https://x.com/NYPDnews/status/1864706407985221974?t=9WgCY4cJfIDtsh58RSoeyQ&amp;s=19,0,0
146,1862277061840113973,CURRENTLY_RATED_NOT_HELPFUL,"Black shirts, etc. don‚Äôt tend to be see through to the naked eye. But a camera flash is much more intense than ambient light, allowing it to penetrate thinner materials that would otherwise appear opaque in regular lighting conditions.    https://techcrunch.com/2016/06/29/now-you-see-me-now-you-dont/?utm_source=perplexity  https://digital-photography-school.com/backlight-translucent-objects-dramatic-effect/comment-page-1/?utm_source=perplexity",0,0
147,1861568742301245892,CURRENTLY_RATED_HELPFUL,"The image attached is the flag of Australia, not New Zealand.    https://en.wikipedia.org/wiki/Flag_of_Australia  https://en.wikipedia.org/wiki/Flag_of_New_Zealand",0,0
148,1863262071715959268,CURRENTLY_RATED_NOT_HELPFUL,Lolicon is not pedophilia.    https://en.m.wikipedia.org/wiki/Lolicon    https://www.law.cornell.edu/supct/cert/06-694    https://en.m.wikipedia.org/wiki/PROTECT_Act_of_2003    https://www.law.cornell.edu/supct/html/00-795.ZO.html,0,1
149,1819811269408367015,CURRENTLY_RATED_NOT_HELPFUL,"This video documents incidents in 'Stoke.'  There has been at least one death by stabbing in Stoke-on-Kent, but it is unclear if it is related to the video in the post. According to the BBC, 'Fifth man charged over fatal alleyway stabbing.'  The police may update their reports.  https://www.bbc.co.uk/news/articles/c2x03jpjj81o  https://www.bbc.co.uk/news/articles/cv2g4qqxgn6o",0,0
150,1854281664014508160,CURRENTLY_RATED_NOT_HELPFUL,"Johnny Somali is not a Kick streamer as he was banned from Kick earlier this year, and is still currently banned.    He was streaming this content in Korea on his YouTube and/or Rumble channel.    Statement from Kick Staff: https://x.com/svntvmvriv/status/1854230621369106466  Banned account: kick.com/johnnysomali",0,0
151,1838219230820585534,CURRENTLY_RATED_HELPFUL,This clip can be misleading and portray Colby in a bad light as Lil Pump signed a waiver to get him to choke him out even if he tried to tap out.     Lil Pump statement: https://x.com/lilpump/status/1837994162269954481    Clip of waiver: https://kick.com/lilpump/clips/clip_01J8BKSMG7HXRY8H9K6RXTY52M    Full stream vod: https://kick.com/lilpump/videos/e2b4474d-05e6-4501-b95c-ef2b230fbcb7,0,0
152,1812383404253700274,CURRENTLY_RATED_HELPFUL,The person in the image and video is not Thomas Matthew Crooks. It is internet troll @jewgazing.    https://x.com/jewgazing  ,1,0
153,1809358353732366768,CURRENTLY_RATED_HELPFUL,Filian's model is a recolor of the model Rindo by @jingo_1016. The TOS of said model stated that making merchandise of the model and is prohibited without the creator's permission - https://drive.google.com/file/d/1QxPH35idalnqYYCs9zS9DDuTvhNSfnOv/view?usp=sharing  https://jingo1016.booth.pm/items/3443188    And the creator themselves has also said that they weren't informed about this - https://x.com/jingo_1016/status/1809101855655670159,0,0
154,1808458656658415803,CURRENTLY_RATED_HELPFUL,"This account is using the @KickStreaming brand with the promise of money to scam people into buying meme coins, as you can see in the reply to this post by the same account.    https://x.com/KickStreamsLive/status/1808445326014959895",0,0
155,1851798473819197618,CURRENTLY_RATED_NOT_HELPFUL,"Coloration of image is not true to life.  ‚Ä¢ Most likely unintentional and a result of reflective striping on vest.  ‚Ä¢ 3M reflective striping is notoriously difficult to photograph.      https://youtu.be/XUOV8h5i0No?si=MEVR8wFSJaQKjuxg    https://photoproventure.com/reflective-runner-how-to/#:~:text=The%20Gear,the%20reflectivity%20of%20the%20garments",0,0
156,1830576667669979570,CURRENTLY_RATED_NOT_HELPFUL,Children are supposed to see the brighter side. This doesn't make them far left extremist. This post is satirical at best.     Simple explanation of right and left ideology   https://images.app.goo.gl/qusUtdTLft6tUy4E7 ,1,1
157,1865201810769682536,CURRENTLY_RATED_NOT_HELPFUL,"Answering OP's question, a trans masculine non-binary person is a person who doesn't wanna present themselves as neither a male or female, but feels a stronger connection towards the features or caracteristics of the male gender and will lean more towards those said features.     https://nonbinary.wiki/wiki/Man#Nonbinary_men",0,0
158,1855349164827357463,CURRENTLY_RATED_NOT_HELPFUL,"Due to the McLaren‚Äôs light being a solid yellow, chances are the left-turning light went from a solid green (no yielding needed) to yellow, meaning the McLaren still had the right of way as it was entering the intersection. While both could have done better, Civic is at fault.   https://www.ezstreetdrivingschool.com/info/4-Traffic-Signal-Lights-YELLOW/p368/CD_46_57",0,0
159,1864813407964459270,CURRENTLY_RATED_NOT_HELPFUL,Trump received over 77 million votes; despite votes still being counted one month after the 2024 election.      https://decisiondeskhq.com/results/2024/General/President/,0,0
160,1812639968126448123,CURRENTLY_RATED_NOT_HELPFUL,This is a sickening attempt at turning a narrative and flies in the face of common sense. There is no source needed‚Ä¶. But one is included so those reading this can be more familiar with the law.    https://www.pafoa.org/law/carrying-firearms/open-carry/  ,0,1
161,1849092424598995073,CURRENTLY_RATED_NOT_HELPFUL,"More than 1200 Israeli men, women &amp; children were not killed on October 7    Of the 1139 killed, 71 were foreign nationals. 373 of the remaining 1068 were security forces    https://www.theguardian.com/world/2024/jan/08/the-numbers-that-reveal-the-extent-of-the-destruction-in-gaza  https://www.france24.com/en/middle-east/20231218-%F0%9F%94%B4-live-un-to-vote-on-aid-access-israeli-strikes-hit-refugee-camp-and-hospitals  https://www.newarab.com/news/israels-7-oct-toll-revised-down-social-security-data",0,0
162,1860093676275531984,CURRENTLY_RATED_NOT_HELPFUL,"Additionally the Netherlands, Ireland, Belgium, Spain, Austria, and Slovenia have said they would arrest Netanyahu if he entered their territory.    https://www.politico.eu/article/benjamin-netanyahu-arrest-warrant-war-crimes-gaza-travel-arrest-europe/",0,0
163,1859757797652533526,CURRENTLY_RATED_NOT_HELPFUL,"The Transgender Murder Monitoring Project estimates that over 5000 people have been murdered for their gender identity since 2009; over 90% being transfeminine. If Miss Rowling wants names, name lists have been published every year:    https://transrespect.org/en/research/tmm/    https://transrespect.org/en/trans-murder-monitoring/tmm-resources/    Police Alba also has lists available:    https://www.scotland.police.uk/access-to-information/freedom-of-information/disclosure-log/disclosure-log-2023/january/23-0136-murder-homicide-stats-victim-transgender-female-2017-2022/",0,1
164,1797675379018392043,CURRENTLY_RATED_NOT_HELPFUL,"no one knows for sure what the future will bring. looking at the past can help predict things if the situation is similar. people will claim their beliefs are correct, and then as a result that the past inflation under Trump was a result of his presidency, or not and vice versa  https://www.usinflationcalculator.com/inflation/current-inflation-rates/",0,1
165,1848321463423807884,CURRENTLY_RATED_NOT_HELPFUL,"And* many, many more.    https://dictionary.cambridge.org/dictionary/english/any  https://dictionary.cambridge.org/dictionary/english/and",0,1
166,1866478603380072666,CURRENTLY_RATED_NOT_HELPFUL,This post is comparing popstar Taylor Swift to Hitler a (Dictator and created the Nazi Party)    Taylor Swift is not a Nazi as this person is saying that she is the equivalent to them.    https://www.telegraph.co.uk/music/news/taylor-swift-threatens-sue-blogger-compared-hitler/,0,1
167,1824071062411235451,CURRENTLY_RATED_NOT_HELPFUL,This is AI and in fact not real.    https://cloud.google.com/learn/what-is-artificial-intelligence,0,0
168,1861874670167056459,CURRENTLY_RATED_NOT_HELPFUL,"Cybertaxi, Robovan, and Tesla Bot are concept products that Elon Musk has stated will be released in phases over the next few years, though their eventual release remains uncertain.    https://www.tesla.com/we-robot",0,0
169,1831526190349177198,CURRENTLY_RATED_NOT_HELPFUL,Winston Churchill was a racist imperialist.     https://www.bbc.com/news/magazine-29701767  https://parallelhistories.org.uk/history/the-real-winston-churchill/,1,1
170,1821886761389162984,CURRENTLY_RATED_NOT_HELPFUL,It starts in 6 days. Not a week.  https://www.skysports.com/la-liga-fixtures,0,0
171,1851716541248868542,CURRENTLY_RATED_NOT_HELPFUL,"As time passes people tend to change their habits, belief systems and overall perception of life.     https://www.scientificamerican.com/article/the-neuroscience-of-changing-your-mind/",0,0
172,1829471608416956917,CURRENTLY_RATED_NOT_HELPFUL,It is not.    https://www.treatmyocd.com/what-is-ocd/common-fears/if-i-like-lolicon-does-it-mean-im-a-pedophile-a-therapists-view    https://www.researchgate.net/publication/365161296_'The_Lolicon_Guy'_Some_Observations_on_Researching_Unpopular_Topics_in_Japan    https://www.researchgate.net/publication/285836812_Lethal_Girls_Drawn_for_Boys_Girl_Assassins_in_MangaAnime_and_ComicsFilm,0,0
173,1861626050557465033,CURRENTLY_RATED_NOT_HELPFUL,"This account is under legal scrutiny for posting undisclosed ads for Kendrick Lamar's label. Any Kendrick Lamar posts from this account can be seen as potential undisclosed ads, which are punishable by FTC fines that can exceed $50k per instance.    https://iapps.courts.state.ny.us/nyscef/ViewDocument?docIndex=JV6RsbXQWW1I6Jol1X1qNA== (Pages 6 &amp; 7)",0,0
174,1861855462108410239,CURRENTLY_RATED_NOT_HELPFUL,"This account is under legal scrutiny for taking undisclosed payments for content from Kendrick Lamar's label. Kendrick posts from this account can be seen as potential undisclosed ads, punishable by FTC fines up to $50k. Drake signed off under penalty of perjury.     https://iapps.courts.state.ny.us/nyscef/ViewDocument?docIndex=JV6RsbXQWW1I6Jol1X1qNA== (p. 6/7)",0,0
175,1863710183098065309,CURRENTLY_RATED_NOT_HELPFUL,The tweet is real but was made the first of october 2018 meaning she was 15 at the time she tweeted this.  Please remember that everyone has probably said things when they were young that they regret today.    https://x.com/ado1024imokenp/status/1046729994590777344  https://en.wikipedia.org/wiki/Ado_(singer)  https://en.wikipedia.org/wiki/Regret,1,0
176,1817068039034003578,CURRENTLY_RATED_NOT_HELPFUL,"Trump was speaking about the possibility of rigged votes, and pleading directly with Christians to vote ‚Äújust this time‚Äù so he can secure the voting system, then they ‚Äúwon‚Äôt have to vote again.‚Äù    https://www.newsweek.com/donald-trump-warns-vote-rigging-asks-christians-vote-just-this-time-1931018",0,0
177,1801723623754838283,CURRENTLY_RATED_NOT_HELPFUL,There is no evidence that Israeli soldiers of Arab origin are fighting in Gaza. The presence of Arab soldiers in the IDF has caused some controversy. The vast majority of the service personnel in the IDF are Jews.    https://en.wikipedia.org/wiki/Conscription_in_Israel,0,0
178,1797846645964771409,CURRENTLY_RATED_NOT_HELPFUL,The image is photoshopped as its 2024 but image is showing winner upto year 2036    Source - https://en.m.wikipedia.org/wiki/List_of_European_Cup_and_UEFA_Champions_League_finals,0,0
179,1805721191325614104,CURRENTLY_RATED_NOT_HELPFUL,"This plane isn't real, and therefore it can't hurt you.    https://en.wikipedia.org/wiki/List_of_fictional_aircraft",0,0
180,1857188091913715925,CURRENTLY_RATED_NOT_HELPFUL,Background:    Homelander has done so many bad things. Lasering a poor sod and called him a p3do even tho there is no proof.    He also killed the supe and former Seven. Supersonic captured Maeve and threatened Starlight by     Source: https://youtu.be/StCP758x0HY?si=uTvSxkErV7OIiq3s    Homelander isn't the real hero. Annie is.,1,1
181,1849182154434974048,CURRENTLY_RATED_NOT_HELPFUL,"Konrad Zuse assisted the Nazi war effort in a minor way so could be considered a Nazi, but his contributions to the invention of the computer vastly outweigh the harm his contributions to the war effort caused, making him a good person according to the common definition.  https://en.m.wikipedia.org/wiki/Konrad_Zuse  https://psychcentral.com/health/how-do-you-know-if-you-are-a-good-person#takeaway",1,1
182,1815407979241312750,CURRENTLY_RATED_NOT_HELPFUL,"Trump does not admit to any such thing and in fact states it was consensual (&quot;they let you do it&quot;). Rape is also define as &quot;unlawful sexual intercourse or any other sexual penetration of the vagina, anus, or mouth of another person&quot;, not simple kissing/touching.    https://www.dictionary.com/browse/rape",0,1
183,1851047754446835792,CURRENTLY_RATED_NOT_HELPFUL,most men can regulate their physical and mental sexual arousal to some degree.          https://www.google.com/gasearch?q=can%20men%20control%20their%20arousal&amp;source=sh/x/gs/m2/5,0,0
184,1800633833634853128,CURRENTLY_RATED_NOT_HELPFUL,"The joke here is that modern Apple laptops have removed many important ports. However, this intentionally omits that recent generations of MacBook Pros have returned to having more ports, including MagSafe. They also always had a headphone jack, just on the opposite side.    https://www.apple.com/macbook-pro/specs/",0,0
185,1849448856649666840,CURRENTLY_RATED_NOT_HELPFUL,"AI Chatbots do not have memory that functions the same as human memory. When you start a new chat, previous conversations are embedded into vector representations. Those vector representations are not the plain text but strings of numbers. The chatbot did not know.  https://www.smartm.com/upload/file/2020/10-20/9cbd278154a64c919e0d79e76f481c2f.pdf",0,0
186,1805936863422644525,CURRENTLY_RATED_NOT_HELPFUL,"Kfir Bibas' death was announced months ago by Hamas which has no reason to lie about such a tragic event.  They have been killed in bombardments by Tsahal which was supposed to rescue him.  Yet, Israeli Government and their henchmen continue to use their image for propaganda.  https://x.com/JCheerack/status/1801335238716445095  https://www.liberation.fr/international/la-possible-mort-dun-bebe-otage-une-claque-pour-benyamin-netanyahou-20231129_QQOKQZTDKVHMRF6EQ7J7WD6FUY/  https://www.jpost.com/breaking-news/article-806132",1,1
187,1847019113194881392,CURRENTLY_RATED_NOT_HELPFUL,Costco stopped selling this product in 2018 due to bad reviews.    https://www.yahoo.com/lifestyle/costco-shoppers-still-salty-kirklands-041500217.html,0,0
188,1834834540247785594,CURRENTLY_RATED_NOT_HELPFUL,"While the size of the subwoofer enclosure plays an important role, the post implies the bigger the deeper the bass is. That is simply not true. The size of the enclosure has to be mated to the driver‚Äôs characteristics.     https://www.the12volt.com/caraudio/boxcalcs.asp",0,0
189,1842931534979899667,CURRENTLY_RATED_NOT_HELPFUL,Nope  https://fr.m.wikipedia.org/wiki/Palestine_(%C3%89tat),0,1
190,1861844529709793342,CURRENTLY_RATED_NOT_HELPFUL,Addition context needed:  Studied women younger than 25 who would most likely benefit from HPV vaccine.    https://t.co/2Vw8c4Yksb,0,0
191,1795057110834684237,CURRENTLY_RATED_NOT_HELPFUL,"Israel did not deliberately slaughter innocent people. Israeli Air Force uses it's best technologies (the best technologies on earth) to avoid hurt innocent people, on every attack. However, some times, when terrorists hide inside refugee camps, accidents happens.     https://en.wikipedia.org/wiki/Israeli_Air_Force      ",1,1
192,1825072602374696985,CURRENTLY_RATED_NOT_HELPFUL,"The Senyera kit pays tribute to the club's roots, featuring the Catalan senyera flag on the chest and taking inspiration from the captain's armband.    But this 12 years old dumb boy trying to farm impression with misinformation.    https://www.google.com/search?q=why+barcelona+use+senyera+kit&amp;client=ms-android-motorola-rvo3&amp;sca_esv=37e4e18c62986b32&amp;sca_upv=1&amp;sxsrf=ADLYWIIiqgxVotUy8wEUziUsgR5B_bmZcw%3A1723965552665&amp;ei=cKDBZqWoKNTx4-EPqf_LsQI&amp;oq=why+barcelona+use+senyera+kit&amp;gs_lp=EhNtb2JpbGUtZ3dzLXdpei1zZXJwIh13aHkgYmFyY2Vsb25hIHVzZSBzZW55ZXJhIGtpdDIIEAAYgAQYogQyCBAAGIAEGKIESL4kUJcXWO0hcAN4AJABAJgBiQKgAbYMqgEDMi03uAEDyAEA-AEBmAIFoALJA8ICChAAGLADGNYEGEfCAgcQIxgnGMsEwgIKECMYsAIYJxjLBJgDAIgGAZAGCJIHBTMuMC4yoAfMFw&amp;sclient=mobile-gws-wiz-serp",1,1
193,1825365060824473624,CURRENTLY_RATED_NOT_HELPFUL,"This is AI, Elon Musk knows this because he actively encourages his followers to manipulate media using  the X AI called Grok, Elon Musk also uses AI to manipulate media, just scroll through some of his posts and replies to see examples of this.  https://x.com/elonmusk/status/1824571630611251681",1,1
194,1817791122036695110,CURRENTLY_RATED_NOT_HELPFUL,There are no public statements from Andrew Tate celebrating the raping of Israeli women.    https://x.com/Cobratate,0,0
195,1849851130966339981,CURRENTLY_RATED_NOT_HELPFUL,The top most played video game genre is NOT gacha games.    Source: https://rocketbrush.com/blog/most-popular-video-game-genres-in-2024-revenue-statistics-genres-overview    https://www.juegostudio.com/blog/game-genres,0,0
196,1839018092430856551,CURRENTLY_RATED_NOT_HELPFUL,"hey man, ya need to step up on this on this one to tell if its a joke/satire or nah   https://x.com/shadowofezra/status/1838785004022681990?s=46",1,1
197,1845874796623540444,CURRENTLY_RATED_NOT_HELPFUL,"In a video from the event OP is referring to, you can hear the exploding cartridges (bullets). This would indicate that ammo was stored there, and or Hamas (or other) fighters were in the targeted area.    https://x.com/Jewtastic/status/1845639399066988548   ",0,1
198,1850834435551195216,CURRENTLY_RATED_NOT_HELPFUL,"While there are in fact similarities between Megatron‚Äôs and Kratos‚Äôs Voices, Megatron in Transformers: One was voiced by Brian Tyree Henry.    Kratos was voiced by Terrence C. Carson during the God of War Trilogy.    https://en.m.wikipedia.org/wiki/Terrence_C._Carson    https://en.m.wikipedia.org/wiki/Brian_Tyree_Henry",0,0
199,1806261879339381185,CURRENTLY_RATED_NOT_HELPFUL,The State Department has issued a level 2 warning for the Maldives because of potential terrorism activity.     https://travel.state.gov/content/travel/en/traveladvisories/traveladvisories/maldives-travel-advisory.html,0,0
